result|query|candidate|gold|google
Wrong|quade quad cache xontroller|quad quad cache x ontrolled|quad quad cache controller|quad quad cache controller
Wrong|co2 in|co2 in|co 2 in|co2 in
Right|powered by blacklight|powered by blacklight|powered by blacklight|powered by blacklight
Right|mw tth singledays 8 as a result one may|mw tth single days 8 as a result one may|mw tth single days 8 as a result one may|mw tth single days 8 as a result of may
Right|when searching databases look for|when searching databases look for|when searching databases look for|when searching databases look for
Right|incidence x ray absorption spectrooscopy|incidence x ray absorption spectroscopy|incidence x ray absorption spectroscopy|incidence x ray absorption spectroscopy
Wrong|floor conf rm bringin our to content stanford univesity|floor conf rm bringing our to content stanford univesity|floor conf rm bringing our to content stanford university|floor conf rm bringing our to content stanford university
Right|plung from great heights|plunge from great heights|plunge from great heights|plunge from great heights
Wrong|what et is|what et is|what it is|what it is
Right|case of chained messages theon|case of chained messages the|case of chained messages the|case of chain messages theon
Right|school of earth sciences|school of earth sciences|school of earth sciences|school of earth sciences
Right|numbered there is one line|numbered there is one line|numbered there is one line|numbered there is one line
Right|artificially created entities|artificially created entities|artificially created entities|artificially created entities
Right|koret pavilion taube hellel house|koret pavilion taube hillel house|koret pavilion taube hillel house|koret pavilion taube hillel house
Right|the fast paths|the fast paths|the fast paths|the fast paths
Right|hilton 5 14 03 webmaster recital hall map audience genral|hilton 5 14 03 webmaster recital hall map audience general|hilton 5 14 03 webmaster recital hall map audience general|hilton 5 14 03 webmaster recital hall map audience general
Wrong|community partnerships renew & new|community partnerships renewal new|community partnerships renewal & new|community partnerships renew & new
Right|pagge 1 page 2 page|page 1 page 2 page|page 1 page 2 page|page 1 page 2 page
Right|medows june 2004 halfway up|meadows june 2004 halfway up|meadows june 2004 halfway up|meadows june 2004 halfway up
Right|senor networks proceedings|sensor networks proceedings|sensor networks proceedings|sensor networks proceedings
Right|forign affairs reporter the age|foreign affairs reporter the age|foreign affairs reporter the age|foreign affairs reporter the age
Right|they have not explictly|they have not explictly|they have not explictly|they have not explicitly
Wrong|t41 t 42 a43|t4 t 42 a4|t41 t42 a43|t41 t42 a43
Right|invalueable way to see what|invaluable way to see what|invaluable way to see what|invaluable way to see what
Right|huang qixing huang evangelos kalogerakis|huang qixing huang evangelos kalogerakis|huang qixing huang evangelos kalogerakis|huang qixing huang evangelos kalogerakis
Right|cife summer program2012|cife summer program 2012|cife summer program 2012|cife summer program 2012
Wrong|university's faculty in 1962|university faculty in 1962|university's faculty in 1962|university's faculty in 1962
Right|serrast stanford ca|serra st stanford ca|serra st stanford ca|serra st stanford ca
Right|argue that fx purchases|argue that fx purchases|argue that fx purchases|argue that fx purchases
Right|service contribution pleaze|service contribution please|service contribution please|service contribution pleaze
Right|european conference on machine|european conference on machine|european conference on machine|european conference on machine
Wrong|son to a|son to a|soon to a|son to a
Right|the proposes water|the proposed water|the proposed water|the proposed water
Right|the network desktop hardware and usda 1907 click|the network desktop hardware and usda 1907 click|the network desktop hardware and usda 1907 click|the network desktop hardware and usda 1907 click
Right|a person services health|a person services health|a person services health|a person services health
Right|institute for international|institute for international|institute for international|institute for international
Right|of the university registrar|of the university registrar|of the university registrar|of the university registrar
Right|ddlm 2004 as you can|ddlm 2004 as you can|ddlm 2004 as you can|dlm 2004 as you can
Right|been argues that the transformation|been argued that the transformation|been argued that the transformation|been argued that the transformation
Right|urls of a posting and|urls of a posting and|urls of a posting and|urls of a posting and
Right|with geant4 i|with geant4 i|with geant4 i|with geant4 i
Right|2012 stanford university system requirements|2012 stanford university system requirements|2012 stanford university system requirements|2012 stanford university system requirements
Right|to visit the froze|to visit the frozen|to visit the frozen|to visit the froze
Wrong|channel podcasts panel discussion kqed's|channel podcasts panel discussion kqed s|channel podcasts panel discussion kqed's|channel podcasts panel discussion kqed's
Right|courses dfj etl lectures mayfield|courses dfj etl lectures mayfield|courses dfj etl lectures mayfield|courses dfj etl lectures mayfield
Right|address is there an easy|address is there an easy|address is there an easy|address is there an easy
Right|theend of an|the end of an|the end of an|the end of an
Right|effort comercial human|effort commercial human|effort commercial human|effort commercial human
Right|symposium detector development|symposium detector development|symposium detector development|symposium detector development
Wrong|students academic programs student activiies guide lines slac i 730 0a21t|students academic programs student activities guide lines slac i 730 0a21t|students academic programs student activities guidelines slac i 730 0a21t|students academic programs student activities guidelines slac i 730 0a21t
Wrong|students faculty & staff|students faculty staff|students faculty & staff|students faculty & staff
Right|for descovering and confirming in|for discovering and confirming in|for discovering and confirming in|for discovering and confirming in
Right|culure parameters and the|culture parameters and the|culture parameters and the|culture parameters and the
Right|no text full text|no text full text|no text full text|no text full text
Right|by modern millitary forces|by modern military forces|by modern military forces|by modern military forces
Right|information in the|information in the|information in the|information in the
Right|services available througha off campus|services available through off campus|services available through off campus|services available through off campus
Right|of pension fundsaving|of pension fund saving|of pension fund saving|of pension fund saving
Right|j biol chem 1999|j biol chem 1999|j biol chem 1999|j biol chem 1999
Right|blog cs 193p iphone|blog cs 193p iphone|blog cs 193p iphone|blog cs 193p iphone
Right|3 technology 4 performance|3 technology 4 performance|3 technology 4 performance|3 technology 4 performance
Right|to creating your first ontology|to creating your first ontology|to creating your first ontology|to creating your first ontology
Right|10 ubv 2|10 ub v 2|10 ub v 2|10 uvb 2
Wrong|for sevial many abandoned|for serial many abandoned|for survival many abandoned|for several many abandoned
Right|are being investigated|are being investigated|are being investigated|are being investigated
Right|study of india 2008 much|study of india 2008 much|study of india 2008 much|study of india 2008 much
Right|read more no subscription requied|read more no subscription required|read more no subscription required|read more no subscription required
Right|the software development community at|the software development community at|the software development community at|the software development community at
Right|of acual projects|of actual projects|of actual projects|of actual projects
Right|continued to attrect|continued to attract|continued to attract|continued to attract
Right|conference lina khatib larry dimon assoc prof sean|conference lina khatib larry diamond assoc prof sean|conference lina khatib larry diamond assoc prof sean|conference lina khatib larry diamond assoc prof sean
Right|nathan abbott way|nathan abbott way|nathan abbott way|nathan abbott way
Right|humanities and sciences|humanities and sciences|humanities and sciences|humanities and sciences
Right|pert1is the panalytical x pert|pert1is the panalytical x pert|pert1is the panalytical x pert|part1 the panalytical x pert
Right|applied to blood flow|applied to blood flow|applied to blood flow|applied to blood flow
Wrong|union paces but we|union places but we|union spaces but we|union paces but we
Right|data from brovser opera then|data from browser opera then|data from browser opera then|data from browser opera then
Right|proceedings topocs publications academic writing|proceedings topics publications academic writing|proceedings topics publications academic writing|proceedings topics publications academic writing
Right|sulait home su|sulair home su|sulair home su|sulait home su
Wrong|series searchworks strat|series searchworks strain|series searchworks start|series searchworks strat
Right|cardwith at|card with at|card with at|card with at
Wrong|the houseof|the house|the house of|the house of
Wrong|more free wheeling said roberts a|more free wheeling said roberts a|more freewheeling said roberts a|more free wheeling said roberts a
Right|the portrait page format postscript athlete if yes please|the portrait page format postscript athlete if yes please|the portrait page format postscript athlete if yes please|the portrait page format postscript athlete if yes please
Wrong|california 94305 4121 650.725 1575|california 94305 4121 650 725 1575|california 94305 4121 650.725 1575|california 94305 4121 650.725 1575
Right|facilities bechtel confernce|facilities bechtel conference|facilities bechtel conference|facilities bechtel conference
Right|the atmosphere and renwable energy|the atmosphere and renewable energy|the atmosphere and renewable energy|the atmosphere and renewable energy
Right|results are adirect|results are a direct|results are a direct|results are a direct
Wrong|the frist paper i discuss|the frist paper i discuss|the first paper i discuss|the first paper i discuss
Right|winter _____ spring _____ summer|winter _____ spring _____ summer|winter _____ spring _____ summer|winter _____ spring _____ summer
Right|wire mesh to hold|wire mesh to hold|wire mesh to hold|wire mesh to hold
Right|and the program|and the program|and the program|and the program
Right|california boating safety|california boating safety|california boating safety|california boating safety
Right|operations manager mary|operations manager mary|operations manager mary|operations manager mary
Right|the interaction greatly influences|the interaction greatly influences|the interaction greatly influences|the interaction greatly influences
Right|models underestimate the|models underestimate the|models underestimate the|models underestimate the
Right|navigation contract support computer resource|navigation contract support computer resource|navigation contract support computer resource|navigation contract support computer resource
Wrong|tocquevilles democracy in america related|tocqueville democracy in america related|tocqueville's democracy in america related|tocqueville's democracy in america related
Right|established in1994 to|established in 1994 to|established in 1994 to|established in 1994 to
Wrong|suitedin purpose programmes bring faculty members|suited purpose programs bring faculty members|suited to purpose programs bring faculty members|suitedin purpose programmes bring faculty members
Right|foreign language standards|foreign language standards|foreign language standards|foreign language standards
Right|optical science amo in|optical science amo in|optical science amo in|optical science amo in
Right|199708041649 laa10477 havarti cs|199708041649 laa10477 havarti cs|199708041649 laa10477 havarti cs|199708041649 laa10477 havarti cs
Right|prograns program on|programs program on|programs program on|programs program on
Right|training axes oracle financials reportmart|training axess oracle financials reportmart|training axess oracle financials reportmart|training axes oracle financials reportmart
Wrong|by catagery forums by time stanford the standford office|by ca tagert forums by time stanford the standford office|by category forums by time stanford the stanford office|by category forums by time stanford the stanford office
Right|in car use|in car use|in car use|in car use
Wrong|using clack network eds people publications resaerch other|using clack network eds people publications resarch other|using clack network eds people publications research other|using click network eds people publications research other
Right|author guide fgst author dog factors that contribute to|author guide fgst author dog factors that contribute to|author guide fgst author dog factors that contribute to|author guide fgst author dog factors that contribute to
Wrong|section 7.5 ft|section ft|section 7.5 ft|section 7.5 ft
Wrong|t f|t f|t f s|t f
Right|poon balaji prabhakar electrical|poon balaji prabhakar electrical|poon balaji prabhakar electrical|poon balaji prabhakar electrical
Right|abstract a crucial lemma in|abstract a crucial lemma in|abstract a crucial lemma in|abstract a crucial lemma in
Wrong|highalnd refer the relationship|highana refer the relationship|highland refer the relationship|highland refer the relationship
Right|useful copyright charts and tools|useful copyright charts and tools|useful copyright charts and tools|useful copyright charts and tools
Right|of a wide on how we|of a wide on how we|of a wide on how we|of a wide on how we
Right|speakers to say smething one|speakers to say something one|speakers to say something one|speakers to say something one
Wrong|stsm at ssrl under|sts at ssrl under|stxm at ssrl under|stsm at ssrl under
Right|chicken tenders the heisman|chicken tenders the heisman|chicken tenders the heisman|chicken tenders the heisman
Right|rports by author|reports by author|reports by author|reports by author
Right|regional opinions blogs|regional opinions blogs|regional opinions blogs|regional opinions blogs
Right|rss increas text size|rss increase text size|rss increase text size|css increase text size
Right|the costs and benifits of|the costs and benefits of|the costs and benefits of|the costs and benefits of
Wrong|impacts of global warming q&a||impacts of global warming q&a|impacts of global warming q&a
Right|on serra turn right on|on serra turn right on|on serra turn right on|on sera turn right on
Right|contnt of this frame at kenji haertel edward krumboltz john|content of this frame at kenji haertel edward krumboltz john|content of this frame at kenji haertel edward krumboltz john|content of this frame at kenji haertel edward krumboltz john
Right|from the salon slides|from the salon slides|from the salon slides|from the salon slides
Right|the ring and on the|the ring and on the|the ring and on the|the ring and on the
Right|provides onlymild security|provides only mild security|provides only mild security|provides only mild security
Wrong|ksb search the research opportunities usefull|ks search the research opportunities useful|gsb search the research opportunities useful|ksb search the research opportunities useful
Wrong|tim don ph|time do ph|tim dorn ph|tim don ph
Wrong|stanford gsb skip to nontent|stanford gsb skip to non tent|stanford gsb skip to content|stanford gsb skip to content
Right|dispatch of physiciannurse|dispatch of physician nurse|dispatch of physician nurse|dispatch of physician nurse
Right|food vs energy he|food vs energy he|food vs energy he|food vs energy he
Right|aegean sea in this well|aegean sea in this well|aegean sea in this well|aegean sea in this well
Right|linguistic information plays|linguistic information plays|linguistic information plays|linguistic information plays
Wrong|on theaper|on theater|on the paper|on theaper
Right|content related content stanford university|content related content stanford university|content related content stanford university|content related content stanford university
Right|opportunties for motivated grad|opportunities for motivated grad|opportunities for motivated grad|opportunities for motivated grad
Wrong|nhow for our four from|n how for our four from|now for our four from|nhow for our four from
Wrong|thepper arm|the per arm|the upper arm|thepper arm
Right|center on food security|center on food security|center on food security|center on food security
Right|up messeges are the xerox mouse|up messages are the xerox mouse|up messages are the xerox mouse|up messages are the xerox mouse
Right|many nothave permission to|many not have permission to|many not have permission to|many not have permission to
Right|where she manged|where she managed|where she managed|where she managed
Right|304669 101719 4063882026 75360|304669 101719 406388 2026 75360|304669 101719 406388 2026 75360|304669 101719 4063882026 75360
Right|football rollerblading tennis program see also|football rollerblading tennis program see also|football rollerblading tennis program see also|football rollerblading tennis program see also
Right|data from browser|data from browser|data from browser|data from browser
Right|from shaw university in 1927|from shaw university in 1927|from shaw university in 1927|from shaw university in 1927
Wrong|schlors as the|schloss as the|scholars as the|scholars as the
Right|officers join alumni|officers join alumni|officers join alumni|officers join alumni
Right|cassman pa mattson jin shun|cassman pa matson jin shun|cassman pa matson jin shun|cassman pa mattson jin shun
Right|does not support the|does not support the|does not support the|does not support the
Wrong|group supri d alternative website the body whuch is low|group supri d alternative website the body whu is low|group supri d alternative website the body which is low|group supri d alternative website the body which is low
Right|ice ph d ice ph|ice ph d ice ph|ice ph d ice ph|ice phd ice ph
Right|as that is the|as that is the|as that is the|as that is the
Right|david l jaffee ms and|david l jaffe ms and|david l jaffe ms and|david l jaffe ms and
Right|privilege on the column grantable|privilege on the column grantable|privilege on the column grantable|privilege on the column grantable
Right|gamma exposure constant is|gamma exposure constant is|gamma exposure constant is|gamma exposure constant is
Right|market gardans as a|market gardens as a|market gardens as a|market gardens as a
Right|may also be of intrest|may also be of interest|may also be of interest|may also be of interest
Right|request form staff directorys|request form staff directory|request form staff directory|request form staff directories
Right|come to more recent university economics departlment stanford center|come to more recent university economics department stanford center|come to more recent university economics department stanford center|come to more recent university economics department stanford center
Right|1 academic interview handout|1 academic interview handout|1 academic interview handout|1 academic interview handout
Right|process message re transportation|process message re transportation|process message re transportation|process message re transportation
Right|aims to provllde users with swrl unified theories+|aims to provide users with swrl unified theories|aims to provide users with swrl unified theories|aims to provide users with swrl unified theories
Right|the john m olin postings and threads click|the john m olin postings and threads click|the john m olin postings and threads click|the john m olin postings and threads click
Wrong|events tadsahi fukami historical contingency|events t asahi fukami historical contingency|events tadashi fukami historical contingency|events tadashi fukami historical contingency
Wrong|list an d index society cd1040 file the verisions with green|list an d index society cd1040 file the versions with green|list and index society cd1040 file the versions with green|list and index society cd1040 file the versions with green
Right|ish a great tool|is a great tool|is a great tool|is a great tool
Wrong|for ubuntu 11.04 proveding an oppertunity|for ubuntu 11 04 providing an opportunity|for ubuntu 11.04 providing an opportunity|for ubuntu 11.04 providing an opportunity
Right|the cdd a social|the cdd a social|the cdd a social|the cdd a social
Wrong|4581 fad 650 725 2592|4581 fa 650 725 2592|4581 fax 650 725 2592|4581 fad 650 725 2592
Right|of newpor and|of newport and|of newport and|of newport and
Right|morabito australian unions the|morabito australian unions the|morabito australian unions the|morabito australian unions the
Right|members all pertinent information that|members all pertinent information that|members all pertinent information that|members all pertinent information that
Right|on call rooms graduate medical|on call rooms graduate medical|on call rooms graduate medical|on call rooms graduate medical
Right|to run the|to run the|to run the|to run the
Wrong|data from the browser's|data from the browser s|data from the browser's|data from the browser's
Right|the wind of fredoom|the wind of freedom|the wind of freedom|the wind of freedom
Right|provided throughout this article to|provided throughout this article to|provided throughout this article to|provided throughout this article to
Wrong|579 sorra mall stanfor ca|579 sorry mall stanford ca|579 serra mall stanford ca|579 serra mall stanford ca
Right|often the exit angle is|often the exit angle is|often the exit angle is|often the exit angle is
Right|all postings outline chose|all postings outline choose|all postings outline choose|all postings outline chose
Right|aperson contact us|a person contact us|a person contact us|a person contact us
Right|navigational testdirectory news center|navigation test directory news center|navigation test directory news center|navigation test directory news center
Right|failure of viral capsids 2|failure of viral capsids 2|failure of viral capsids 2|failure of viral capsids 2
Right|stanford graduate school of business|stanford graduate school of business|stanford graduate school of business|stanford graduate school of business
Right|douglsas k owens|douglas k owens|douglas k owens|douglas k owens
Right|1 recent comments|1 recent comments|1 recent comments|1 recent comments
Right|won t talk to them|won t talk to them|won t talk to them|won't talk to them
Right|data simulated data are|data simulated data are|data simulated data are|data simulated data are
Wrong|cover letters interviewing strategies on|cover letters interviewing strategies on|cover letters interviewing strategies and|cover letters interviewing strategies on
Right|like for you|like for you|like for you|like for you
Right|is due novenber typeset every book on buddism|is due november typeset every book on buddhism|is due november typeset every book on buddhism|is due november typeset every book on buddhism
Wrong|cm2 g total 0.16498 cm2|cm2 g total cm|cm2 g total 0.16498 cm2|cm2 g total 0.16498 cm2
Right|technological inovation social|technological innovation social|technological innovation social|technological innovation social
Right|2003 director human bilolgy program|2003 director human biology program|2003 director human biology program|2003 director human biology program
Wrong|mus sic links suggest a purchase|music sica links suggest a purchase|music links suggest a purchase|music links suggest a purchase
Right|cite this send|cite this send|cite this send|cite this send
Right|editing hints using|editing hints using|editing hints using|editing hints using
Wrong|subject simin aneshvar|subject simin anes var|subject simin daneshvar|subject simin daneshvar
Wrong|and image date|and image date|and image data|and image date
Right|of classics standford univeristy logo|of classics standford university logo|of classics standford university logo|of classics stanford university logo
Wrong|programs grants & fellowships people|programs grants fellowships people|programs grants & fellowships people|programs grants & fellowships people
Wrong|guiseppe nardulli hep ph 0111178|guiseppe nardulli hep ph 0111178|giuseppe nardulli hep ph 0111178|giuseppe nardulli hep ph 0111178
Wrong|fsi centers & programme the text of the postings|fsi centers programs the text of the postings|fsi centers & programs the text of the postings|fsi centers & programs the text of the postings
Wrong|21 201204 15|21 2012 4 15|21 2012 04 15|21 201204 15
Right|from febuary 4 2012|from february 4 2012|from february 4 2012|from february 4 2012
Right|also taught nuclear energy|also taught nuclear energy|also taught nuclear energy|also taught nuclear energy
Right|for distribution at|for distribution at|for distribution at|for distribution at
Right|2 2x x|2 2x x|2 2x x|2 2x x
Right|account s will|account s will|account s will|account s will
Right|unfortunately while lay users can|unfortunately while lay users can|unfortunately while lay users can|unfortunately while lay users can
Wrong|on facebppk share on twitter|on face ppk share on twitter|on facebook share on twitter|on facebook share on twitter
Right|ca 94305 650 329 8566|ca 94305 650 329 8566|ca 94305 650 329 8566|ca 94305 650 329 8566
Right|the numbwe to|the number to|the number to|the number to
Wrong|very interested in worknig with|very interested in work ig with|very interested in working with|very interested in working with
Right|onsomewhat cooincidentally for|on somewhat coincidentally for|on somewhat coincidentally for|somewhat coincidentally for
Wrong|mail code phone fax e r staf list maps|mail code phone fax e r staff list maps|mail code phone fax e staff list maps|mail code phone fax e r staff list maps
Right|my wacom graphire|my wacom graphire|my wacom graphire|my wacom graphire
Right|which are abstract|which are abstract|which are abstract|which are abstract
Wrong|& institutes professor health research science the vast majority of||& institutes professor health research science the vast majority of|& institutes professor health research science the vast majority of
Right|guides presentations recommendations and reports|guides presentations recommendations and reports|guides presentations recommendations and reports|guides presentations recommendations and reports
Right|for bflb hypernews|for bflb hypernews|for bflb hypernews|for bflb hypernews
Right|for one thiing|for one thing|for one thing|for one thing
Wrong|cccrma stadford edu tue sept|ccrma stanford edu tue sept|ccrma stanford edu tue sep|ccrma stanford edu tue sep
Right|david a reis fisherds|david a reis fisherds|david a reis fisherds|david a reis fisherds
Right|managment group name email address|managment group name email address|managment group name email address|management group name email address
Right|thanks manju sudakar inline depth|thanks manju sudhakar inline depth|thanks manju sudhakar inline depth|thanks manju sudhakar inline depth
Wrong|and services that focus standford univestiy all|and services that focus stanford univesity all|and services that focus stanford university all|and services that focus stanford university all
Right|the london school|the london school|the london school|the london school
Right|chen ph d staff|chen ph d staff|chen ph d staff|chen ph d staff
Right|11 the hound|11 the hound|11 the hound|11 the hound
Right|service eating contest given|service eating contest given|service eating contest given|service eating contest given
Right|2008 standford local programming contest|2008 stanford local programming contest|2008 stanford local programming contest|2008 stanford local programming contest
Right|intellectual property enforcement coordinator on|intellectual property enforcement coordinator on|intellectual property enforcement coordinator on|intellectual property enforcement coordinator on
Right|your account has benn randomly|your account has been randomly|your account has been randomly|your account has been randomly
Wrong|1.00 0.00 1.00||1.00 0.00 1.00|1.00 0.00 1.00
Right|interfaces user and admin users address book add names|interfaces user and admin users address book add names|interfaces user and admin users address book add names|interfaces user and admin users address book add names
Right|same webside before that edu stanford university 425|same website before that edu stanford university 425|same website before that edu stanford university 425|same website before that edu stanford university 425
Wrong|13 ho el as|13 ho el as|13 ho elas|13 ho el as
Right|the posting thread|the posting thread|the posting thread|the posting thread
Right|publications send by|publications send by|publications send by|publications send by
Right|http you could try|http you could try|http you could try|http you could try
Right|facilty profile content provider|faculty profile content provider|faculty profile content provider|faculty profile content provider
Right|36 bit 18|36 bit 18|36 bit 18|36 bit 18
Wrong|he has wroked on|he has wokked on|he has worked on|he has worked on
Wrong|academic calendar masters|academic calendar master|academic calendar master's|academic calendar masters
Right|3 downloaded 23 feb|3 downloaded 23 feb|3 downloaded 23 feb|3 downloaded 23 feb
Wrong|g4system gmk were can i|g4system gmk were can i|g4system gmk where can i|g4 system gmk where can i
Right|page which contains only the|page which contains only the|page which contains only the|page which contains only the
Right|none unselect all of ibn sina a critical|none unselect all of ibn sina a critical|none unselect all of ibn sina a critical|none unselect all of ibn sina a critical
Right|machenery and intelligence|machinery and intelligence|machinery and intelligence|machinery and intelligence
Wrong|archive colophon admin logon|archive colophon admin logon|archive colophon admin login|archive colophon admin logon
Right|sulair home su home suspect stanford stanford university|sulair home su home suspect stanford stanford university|sulair home su home suspect stanford stanford university|sulair home su home suspect stanford stanford university
Right|spam and virus filtering software|spam and virus filtering software|spam and virus filtering software|spam and virus filtering software
Wrong|process note 1 fr students|process note 1 fr students|process note 1 for students|process note 1 for students
Right|research overview school|research overview school|research overview school|research overview school
Right|deep belowe the|deep below the|deep below the|deep below the
Right|i can change things for|i can change things for|i can change things for|i can change things for
Right|similuation our long|simulation our long|simulation our long|simulation our long
Wrong|give raise to severe emittance babar database who's|give raises to severe emittance babar database who|give rise to severe emittance babar database who's|give raise to severe emittance babar database who's
Right|page 1 moran bercovici advisorzluan|page 1 moran bercovici advisorzluan|page 1 moran bercovici advisorzluan|page 1 moran bercovici adviserzone
Wrong|record lenght the sited together with|record length the site together with|record length the cited together with|record length the seated together with
Right|abstracts xx international linac|abstracts xx international linac|abstracts xx international linac|abstracts xx international linac
Right|the physics department crimefighting organization|the physics department crime fighting organization|the physics department crime fighting organization|the physics department crime fighting organization
Right|health improvement progrma stanford medicine|health improvement program stanford medicine|health improvement program stanford medicine|health improvement program stanford medicine
Wrong|x eido design|x eid design|x ideo design|x eido design
Right|xi violinist jiaotung university|xi violinist jiaotong university|xi violinist jiaotong university|xi violinist jiaotong university
Right|please mailchecks made out|please mail checks made out|please mail checks made out|please mail checks made out
Wrong|chalenges than last year|challenges that last year|challenges than last year|challenges than last year
Right|safe rosamond l naylor george|safe rosamond l naylor george|safe rosamond l naylor george|safe rosamond l naylor george
Right|7252592 mail code contact us to|725 2592 mail code contact us to|725 2592 mail code contact us to|7252592 mail code contact us to
Wrong|clase sroom for instructors|class s room for instructors|classroom for instructors|classroom for instructors
Wrong|via the kerr affect and|via the kerr affect and|via the kerr effect and|via the kerr effect and
Wrong|plasmid & puhe24|plasmid puhe24|plasmid & puhe24|plasmid & puhe24
Right|students graduate students undergraduates|students graduate students undergraduates|students graduate students undergraduates|students graduate students undergraduates
Right|items all day|items all day|items all day|items all day
Wrong|completing a post doctoral|completing a post doctoral|completing a postdoctoral|completing a postdoctoral
Wrong|his her particular aread of|his her particular areas of|his her particular area of|his her particular area of
Right|the abliity to|the ability to|the ability to|the ability to
Right|politicans officials and academics|politicians officials and academics|politicians officials and academics|politicians officials and academics
Right|expressions library lip synch|expressions library lip sync|expressions library lip sync|expressions library lip sync
Right|the work was available|the work was available|the work was available|the work was available
Right|d ivoir croatia cuba|d ivoire croatia cuba|d ivoire croatia cuba|d'ivoire croatia cuba
Right|the origiinal spirit|the original spirit|the original spirit|the original spirit
Right|first page preveous 2009 02 01 author|first page previous 2009 02 01 author|first page previous 2009 02 01 author|first page previous 2009 02 01 author
Right|the reefcheck california monitoring|the reef check california monitoring|the reef check california monitoring|the reef check california monitoring
Right|tressider summer activities fair|tresidder summer activities fair|tresidder summer activities fair|tressider summer activities fair
Wrong|is so fars cs379c computation models|is so far cs379l computational models|is so far cs379c computational models|is so far cs379c computation models
Wrong|and sustainble develpment 2010 pdf+|and sustainable development 2010 pdf|and sustainable development 2010 pdf+|and sustainable development 2010 pdf
Right|health scholars program|health scholars program|health scholars program|health scholars program
Right|we help maps|we help maps|we help maps|we help maps
Right|public evens page on this|public events page on this|public events page on this|public events page on this
Right|graduate school of business news|graduate school of business news|graduate school of business news|graduate school of business news
Right|the receptiors might rev up|the receptors might rev up|the receptors might rev up|the receptors might rev up
Right|of education freeman spogli institute|of education freeman spogli institute|of education freeman spogli institute|of education freeman spogli institute
Wrong|the enviroment fsi hasked to define|the enviroment fsi hashed to define|the environment fsi asked to define|the environment fsi asked to define
Right|stanford califorina 94305|stanford california 94305|stanford california 94305|stanford california 94305
Right|webinars will be|webinars will be|webinars will be|webinars will be
Wrong|pro vost and director of|pro vos and director of|provost and director of|provost and director of
Wrong|the sun's heartbeat to|the sun s heartbeat to|the sun's heartbeat to|the sun's heartbeat to
Right|mikiphone pocket phonogtaph|mikiphone pocket phonograph|mikiphone pocket phonograph|mikiphone pocket phonograph
Right|1152 email pacrc|1152 email pacrc|1152 email pacrc|1152 email pacrc
Right|catapulted both king and|catapulted both king and|catapulted both king and|catapulted both king and
Wrong|east europe &||east european &|east europe &
Right|admissions continueing medical education|admissions continuing medical education|admissions continuing medical education|admissions continuing medical education
Wrong|record for tiney|record for tine|record for tiny|record for tiny
Right|the specified value you can|the specified value you can|the specified value you can|the specified value you can
Wrong|with sonar sensors in populate|with sonar sensors in popular|with sonar sensors in populated|with sonar sensors in population
Right|of the yeard|of the year|of the year|of the year
Right|have already entered|have already entered|have already entered|have already entered
Right|translation of these new|translation of these new|translation of these new|translation of these new
Right|models and conditional estimtion without|models and conditional estimation without|models and conditional estimation without|models and conditional estimation without
Right|with a glance cast at|with a glance cast at|with a glance cast at|with a glance cast at
Right|links to some menus versa in this|links to some menus versa in this|links to some menus versa in this|links to some menus versa in this
Wrong|pta for wich classified collated compared|pta for wich classified collated compared|pta for which classified collated compared|pta for which classified collated compared
Wrong|drive at musuem way|drive at musuem way|drive at museum way|drive at museum way
Right|president's day monday february 20|presidents day monday february 20|presidents day monday february 20|presidents day monday february 20
Wrong|791 institute stanford|79 institute stanford|791 institution stanford|791 institute stanford
Right|or anyof|or any of|or any of|or any of
Wrong|voleentering public service & community|vol entering public service community|volunteering public service & community|volunteering public service & community
Right|possible we can|possible we can|possible we can|possible we can
Wrong|only ctext for|only context for|only text for|only text for
Right|biodesignnews12 03 html jul|biodesignnews12 03 html jul|biodesignnews12 03 html jul|biodesign news 12 03 html jul
Wrong|aeronautics and stronautics||aeronautics and astronautics|aeronautics and astronautics
Right|and information technologies design|and information technologies design|and information technologies design|and information technologies design
Right|shown with without|shown with without|shown with without|shown with without
Right|posting thread successive|posting thread successive|posting thread successive|posting thread successive
Right|potential safety or envrionmental consequences|potential safety or environmental consequences|potential safety or environmental consequences|potential safety or environmental consequences
Wrong|visa master card american|visa master card american|visa mastercard american|visa mastercard american
Right|stay connected itunes|stay connected itunes|stay connected itunes|stay connected itunes
Wrong|web site econf home options|web site econf home options|website econf home options|website econf home options
Right|law crown map collections|law crown map collections|law crown map collections|law crown map collections
Wrong|corpus linguistics aronld zwickys blog of use copy right|corpus linguistics aron zwicky s blog of use copy right|corpus linguistics arnold zwicky's blog of use copyright|corpus linguistics arnold zwicky blog of use copyright
Right|135 units of doctoral residency december 10 2010 by judith|135 units of doctoral residency december 10 2010 by judith|135 units of doctoral residency december 10 2010 by judith|135 units of doctoral residency december 10 2010 by judith
Right|the postin threads|the posting threads|the posting threads|the post in threads
Right|heart center nursing|heart center nursing|heart center nursing|heart center nursing
Right|coaches and program|coaches and program|coaches and program|coaches and program
Wrong|cag can be|ca can be|cage can be|cag can be
Right|is being used|is being used|is being used|is being used
Right|then reflesh the|then reflesh the|then reflesh the|then refresh the
Right|geant4 discussions hypernews geant4|geant4 discussions hypernews geant4|geant4 discussions hypernews geant4|geant4 discussions hypernews geant4
Right|chemistry department news|chemistry department news|chemistry department news|chemistry department news
Right|about developments changes|about developments changes|about developments changes|about developments changes
Right|importantfor us|important for us|important for us|important for us
Right|quesytions should file a without the text of the|questions should file a without the text of the|questions should file a without the text of the|questions should file a without the text of the
Wrong|teh made up dramas of|teh made up dramas of|the made up dramas of|the made up dramas of
Right|directory gallery alumni ms japan and japanese|directory gallery alumni ms japan and japanese|directory gallery alumni ms japan and japanese|directory gallery alumni ms japan and japanese
Right|support graduate students appling doctor|support graduate students applying doctor|support graduate students applying doctor|support graduate students applying doctor
Right|consider journal pricing in addition|consider journal pricing in addition|consider journal pricing in addition|consider journal pricing in addition
Right|resurection is the man who|resurrection is the man who|resurrection is the man who|resurrection is the man who
Right|on campus disruptions|on campus disruptions|on campus disruptions|on campus disruptions
Wrong|rpofessor emeritus terry|r professor emeritus terry|professor emeritus terry|professor emeritus terry
Right|center cerebrovascular neurosurgery epilepsy functional via palou david packard electrical|center cerebrovascular neurosurgery epilepsy functional via palou david packard electrical|center cerebrovascular neurosurgery epilepsy functional via palou david packard electrical|center cerebrovascular neurosurgery epilepsy functional via palou david packard electrical
Right|and auditorum the|and auditorium the|and auditorium the|and auditorium the
Right|all subscribers who receive|all subscribers who receive|all subscribers who receive|all subscribers who receive
Right|edit box set|edit box set|edit box set|edit box set
Right|stanford university webmaster cva|stanford university webmaster cva|stanford university webmaster cva|stanford university webmaster cva
Wrong|2009 art nx 620|2009 art nx 620|2009 art nx620|2009 art nx 620
Right|linear accelerator center|linear accelerator center|linear accelerator center|linear accelerator center
Right|page and signins|page and signing|page and signing|page and signings
Right|board for the|board for the|board for the|board for the
Wrong|thoes free swimming tadpole like|tho free swimming tadpole like|these free swimming tadpole like|does free swimming tadpole like
Right|if they have|if they have|if they have|if they have
Right|associate director of korean studies|associate director of korean studies|associate director of korean studies|associate director of korean studies
Right|upper right corner if format kif and|upper right corner if format kif and|upper right corner if format kif and|upper right corner of format kif and
Right|danyluk williams college john denero|danyluk williams college john denero|danyluk williams college john denero|danyluk williams college john denero
Right|at stanford welcome|at stanford welcome|at stanford welcome|at stanford welcome
Right|watson 98 trained civil|watson 98 trained civil|watson 98 trained civil|watson 98 trained civil
Right|terms call number series serchworks|terms call number series searchworks|terms call number series searchworks|terms call number series searchworks
Wrong|moedling for genome|medline for genome|modeling for genome|modeling for genome
Wrong|& art hostory||& art history|& art history
Right|to see more program|to see more program|to see more program|to see more program
Right|timing configuration the need to skip to main content home|timing configuration the need to skip to main content home|timing configuration the need to skip to main content home|timing configuration the need to skip to main content home
Right|school learing sgsi 12 12|school learning sgsi 12 12|school learning sgsi 12 12|school learning sgsi 12 12
Right|the posting if|the posting if|the posting if|the posting if
Right|choose the file you would|choose the file you would|choose the file you would|choose the file you would
Wrong|scholar publishing sustainability suse open coordinator juilie green|scholar publishing sustainability suse open coordinator julie green|scholarly publishing sustainability suse open coordinator julie green|scholar publishing sustainability suse open coordinator julie green
Wrong|standford university photo by fred|standford university photo by fred|stanford university photo by fred|stanford university photo by fred
Right|here without your permission|here without your permission|here without your permission|here without your permission
Right|of nand into solidstate|of nand into solid state|of nand into solid state|of nand into solid state
Right|drive suite 6 stanford califnornia|drive suite 6 stanford california|drive suite 6 stanford california|drive suite 6 stanford california
Right|petersen milind purohit|petersen milind purohit|petersen milind purohit|petersen milind purohit
Right|information center lane readingroom|information center lane reading room|information center lane reading room|information center lane reading room
Right|education action program|education action program|education action program|education action program
Right|left and you should|left and you should|left and you should|left and you should
Wrong|to storeup|to store|to store up|to store up
Wrong|pulpation obesity &||palpation obesity &|palpation obesity &
Wrong|is availble from many sources|is availble from many sources|is available from many sources|is available from many sources
Right|of energy last update|of energy last update|of energy last update|of energy last update
Right|involved in neurotransmision by using|involved in neurotransmission by using|involved in neurotransmission by using|involved in neurotransmission by using
Right|public lecures seminars and courses|public lectures seminars and courses|public lectures seminars and courses|public lectures seminars and courses
Wrong|isn t configured to accomodate that were installed|isn t configured to accomodate that were installed|isn t configured to accommodate that were installed|isn't configured to accommodate that were installed
Right|despite the cosmetic problems|despite the cosmetic problems|despite the cosmetic problems|despite the cosmetic problems
Right|does not provd such simulation policy the europecenter walter|does not provide such simulation policy the europe center walter|does not provide such simulation policy the europe center walter|does not provide such simulation policy the europe center walter
Wrong|systems usacycling clifbar &||systems usacycling clifbar &|systems usa cycling clif bar &
Wrong|cedical record date of birth|cervical record date of birth|medical record date of birth|medical record date of birth
Right|byhtmlme pl|by htmlme pl|by htmlme pl|html pl
Right|over 1300 stanford|over 1300 stanford|over 1300 stanford|over 1300 stanford
Right|id passwirds page for more|id passwords page for more|id passwords page for more|id passwords page for more
Right|peru by studying|peru by studying|peru by studying|peru by studying
Right|moovies read more photo robert|movies read more photo robert|movies read more photo robert|movies read more photo robert
Right|care overveiw community south on el camino|care overview community south on el camino|care overview community south on el camino|care overview community south on el camino
Right|no 2 june 2005|no 2 june 2005|no 2 june 2005|no 2 june 2005
Right|university department of history 450 please suggest a|university department of history 450 please suggest a|university department of history 450 please suggest a|university department of history 450 please suggest a
Right|ipsoforum uncatergorized ipsofacto is an|ipsoforum uncategorized ipsofacto is an|ipsoforum uncategorized ipsofacto is an|epsoforum uncategorized ipso facto is an
Right|care for about 135|care for about 135|care for about 135|care for about 135
Right|by slac to members|by slac to members|by slac to members|by slac to members
Right|1979 113114 if|1979 113 114 if|1979 113 114 if|1979 113114 if
Wrong|those operations that the complier|those operations that the complex|those operations that the compiler|those operations that the compiler
Right|archaeological prehistory and events events east|archaeological prehistory and events events east|archaeological prehistory and events events east|archaeological prehistory and events events east
Right|york deffer lp plaintiff|york defer lp plaintiff|york defer lp plaintiff|york defer lp plaintiff
Right|years qalys results|years qalys results|years qalys results|years qalys results
Wrong|on facebook conncet the cloud bio slides|on facebook concept the cloud bio slides|on facebook connect the cloud bio slides|on facebook connect the cloud bio slides
Right|transformations old buildings new|transformations old buildings new|transformations old buildings new|transformations old buildings new
Right|723 1450 650 564|723 1450 650 564|723 1450 650 564|723 1450 650 564
Right|navigational home education|navigation home education|navigation home education|navigational home education
Right|a 20 discount|a 20 discount|a 20 discount|a 20 discount
Right|environment 2011 stanford|environment 2011 stanford|environment 2011 stanford|environment 2011 stanford
Right|dsc_7433 dsc_7434 dsc_7435 dsc_7454 dsc_7461|dsc_7433 dsc_7434 dsc_7435 dsc_7454 dsc_7461|dsc_7433 dsc_7434 dsc_7435 dsc_7454 dsc_7461|dsc_7433 dsc_7434 dsc_7435 dsc_7454 dsc_7461
Right|column datatype null description|column datatype null description|column datatype null description|column datatype null description
Wrong|undergraduate educater at stanford for|undergraduate educated at stanford for|undergraduate education at stanford for|undergraduate education at stanford for
Right|gift stanford home search this|gift stanford home search this|gift stanford home search this|gift stanford home search this
Wrong|the low enegry|the low enegy|the low energy|the low energy
Right|sliders lecture topic|slides lecture topic|slides lecture topic|sliders lecture topic
Right|520 galvez mall parkinf|520 galvez mall parking|520 galvez mall parking|520 galvez mall parking
Right|outlin choices are switched|outline choices are switched|outline choices are switched|outline choices are switched
Wrong|fraternity ae phi sorority chabad|fraternity ae phi sorority chabad|fraternity aephi sorority chabad|fraternity ae phi sorority chabad
Right|ao recruiment talk|ao recruitment talk|ao recruitment talk|ao recruitment talk
Wrong|1 1 htlm etc in|1 1 htlv etc in|1 1 html etc in|1 1 html etc in
Wrong|& masculinities race &||& masculinities race &|& masculinities race &
Right|reserve material for current|reserve material for current|reserve material for current|reserve material for current
Right|atcc misc commesnts|atcc misc comments|atcc misc comments|atcc misc comments
Right|posting which takes you|posting which takes you|posting which takes you|posting which takes you
Right|resources stanford university student affairs|resources stanford university student affairs|resources stanford university student affairs|resources stanford university student affairs
Wrong|insitute for gender|insitute for gender|institute for gender|institute for gender
Right|estate maps and records|estate maps and records|estate maps and records|estate maps and records
Right|role of adding value in|role of adding value in|role of adding value in|role of adding value in
Wrong|yim and kuhan papa|yim and kuh paper|yim and khuan papa|yin and kuhan papa
Right|febuary 8 2012 5 30|february 8 2012 5 30|february 8 2012 5 30|february 8 2012 5 30
Wrong|slac stanford eud hypernews user|slac stanford eu hypernews user|slac stanford edu hypernews user|slac stanford edu hypernews user
Right|makes an application|makes an application|makes an application|makes an application
Right|center for opportunity policy in|center for opportunity policy in|center for opportunity policy in|center for opportunity policy in
Right|college of veterinary nutrition|college of veterinary nutrition|college of veterinary nutrition|college of veterinary nutrition
Right|developed the notion of a|developed the notion of a|developed the notion of a|developed the notion of a
Right|alternativecertification for students stanferd|alternative certification for students stanford|alternative certification for students stanford|alternative certification for students stanford
Right|vcimage generate on|vcimage generated on|vcimage generated on|vcimage generated on
Right|hp support website api doxygen documantation p04 06|hp support website api doxygen documentation p04 06|hp support website api doxygen documentation p04 06|hp support website api doxygen documentation p 04 06
Right|student research applications for|student research applications for|student research applications for|student research applications for
Right|lower roughness surfaces curved pins|lower roughness surfaces curved pins|lower roughness surfaces curved pins|lower roughness surfaces curved pins
Right|room students and faculty search|room students and faculty search|room students and faculty search|room students and faculty search
Wrong|jim pleased our|jim pleased our|am pleased our|jim pleased our
Right|to skin strain changes|to skin strain changes|to skin strain changes|to skin strain changes
